2X9E_1|Chain,emb|CAA68090.1|,CDPK2 [Plasmodium falciparum],8.46e-22,95.1,26.950,282,source_file
pdb|1V0B|A,Chain A, CELL DIVISION CONTROL PROTEIN 2 HOMOLOG [Plasmodium falciparum],1.4500000000000002e-21,92.0,28.378,296.0,2X9E_pdb_hits.csv
pdb|1V0O|A,Chain A, CELL DIVISION CONTROL PROTEIN 2 HOMOLOG [Plasmodium falciparum],1.7400000000000003e-21,92.0,28.378,296.0,2X9E_pdb_hits.csv
pdb|1OB3|A,Chain A, CELL DIVISION CONTROL PROTEIN 2 HOMOLOG [Plasmodium falciparum],2.8700000000000003e-21,91.3,28.041,296.0,2X9E_pdb_hits.csv
emb|CAA47704.1|,protein kinase [Plasmodium falciparum],4.01e-20,90.5,26.299,308.0,,2X9E_pdb_hits.csv
gb|AAC47170.1|,mitogen-activated protein kinase-related protein [Plasmodium falciparum],1.03e-17,83.6,29.085,306.0,,2X9E_pdb_hits.csv
emb|CAA57972.1|,mitogen-activated protein kinase 1, serine/threonine protein kinase [Plasmodium falciparum],1.58e-17,83.2,29.085,306.0,2X9E_pdb_hits.csv
gb|AAT06260.1|,protein kinase B-like protein [Plasmodium falciparum],3.52e-15,75.5,26.596,282.0,,2X9E_pdb_hits.csv
pdb|4RGJ|A,Chain A, Calcium-dependent protein kinase 4 [Plasmodium falciparum],6.34e-14,72.0,25.087,287.0,2X9E_pdb_hits.csv
pdb|5DYK|A,Chain A, CGMP-dependent protein kinase [Plasmodium falciparum],7.51e-14,72.0,29.032,217.0,2X9E_pdb_hits.csv
