resolution,pdbid,title,expmethod,lignme,glytoucan,cids,protacxns,geneids,pmid,dois,pmcids,pclids,citations
1.26,5ER5,Crystal Structure of Calcium-loaded S100B bound to SC1990,X-RAY DIFFRACTION,CA|ET,"",271|3624,3LK0_A|4FQO_A|P02638,525716,27303795,10.1107/s2059798316005532,PMC4908867,2542247,"Cavalier MC, Melville Z, Aligholizadeh E, Raman EP, Yu W, Fang L, Alasady M, Pierce AD, Wilder PT, MacKerell AD, Weber DJ. Novel protein–inhibitor interactions in site 3 of Ca<sup>2+</sup>-bound S100B as discovered by X-ray crystallography. Acta Crystallogr D Struct Biol. 2016 May 25;72(6):753–60. doi: 10.1107/s2059798316005532."
1.63,3VVY,Crystal Strucuture of The Ethidium-Bound Form of RamR (Transcriptional Regurator of TetR Family) from Salmonella Typhimurium,X-RAY DIFFRACTION,ET,"",3624,"","",23800819,10.1038/ncomms3078,"",15416236,2013; 4(1):2078
1.7,6KO7,Crystal structure of the Ethidium bound RamR determined with XtaLAB Synergy,X-RAY DIFFRACTION,SO4|ET,"",3624|1117,Q8ZR43,1252100,31431261,10.1016/j.bbrc.2019.08.070,"",12876200,"Matsumoto T, Nakashima R, Yamano A, Nishino K. Development of a structure determination method using a multidrug-resistance regulator protein as a framework. Biochemical and Biophysical Research Communications. 2019 Oct;518(2):402–8. doi: 10.1016/j.bbrc.2019.08.070."
1.867,4ZVK,Reduced quinone reductase 2 in complex with ethidium,X-RAY DIFFRACTION,ZN|ET|FAD,"",32051|643975|3624,P16083,4835,26636353,10.1021/acs.biochem.5b00884,"",12778375,"Leung KKK, Shilton BH. Binding of DNA-Intercalating Agents to Oxidized and Reduced Quinone Reductase 2. Biochemistry. 2015 Dec 14;54(51):7438–48. doi: 10.1021/acs.biochem.5b00884."
1.867,5BUC,Oxidized quinone reductase 2 in complex with ethidium,X-RAY DIFFRACTION,SO4|ZN|ET|FAD,"",32051|643975|3624|1117,P16083,4835,"","","","",""
1.95,2ZOZ,Crystal structure of the ethidium-bound form of the multi-drug binding transcriptional repressor CgmR,X-RAY DIFFRACTION,SO4|GOL|ET,"",753|3624|1117,"","",20691702,10.1016/j.jmb.2010.07.042,"",7968960,"Itou H, Watanabe N, Yao M, Shirakihara Y, Tanaka I. Crystal Structures of the Multidrug Binding Repressor Corynebacterium glutamicum CgmR in Complex with Inducers and with an Operator. Journal of Molecular Biology. 2010 Oct;403(2):174–84. doi: 10.1016/j.jmb.2010.07.042."
2.101,5KCB,The structure of SAV2435 bound to ethidium bromide,X-RAY DIFFRACTION,SO4|ET,"",3624|1117,"","",27505298,10.1021/acs.biochem.6b00651,"",11439983,"Moreno A, Froehlig JR, Bachas S, Gunio D, Alexander T, Vanya A, Wade H. Solution Binding and Structural Analyses Reveal Potential Multidrug Resistance Functions for SAV2435 and CTR107 and Other GyrI-like Proteins. Biochemistry. 2016 Aug 30;55(34):4850–63. doi: 10.1021/acs.biochem.6b00651. PMID: 27505298."
2.299,3V78,Crystal Structure of Transcriptional Regulator,X-RAY DIFFRACTION,ET,"",3624,"","",22821564,10.1093/nar/gks677,PMC3467072,18118891,"Bolla JR, Do SV, Long F, Dai L, Su C, Lei H, Chen X, Gerkey JE, Murphy DC, Rajashankar KR, Zhang Q, Yu EW. Structural and functional analysis of the transcriptional regulator Rv3066 of Mycobacterium tuberculosis. 2012 Jul 19;40(18):9340–55. doi: 10.1093/nar/gks677."
2.585,5FFZ,S. aureus MepR bound to ethidium bromide,X-RAY DIFFRACTION,ET|K,"",813|3624,"","","","","","",""
2.7,3HTJ,Crystal structure of multidrug binding protein EbrR complexed with ethidium,X-RAY DIFFRACTION,NI|ET,"",3624|934,"","","","","","",""
2.8,3BR3,"Crystal Structure of the Complex of Ethidium Bound to QacR(E90Q), a Mutant of a Multidrug Binding Transcriptional Repressor",X-RAY DIFFRACTION,SO4|ET,"",3624|1117,P0A0N5|P0A0N3|3BTI_A|3BT9_A|3PM1_A,"","","","","",""
2.8,3PM1,Structure of QacR E90Q bound to Ethidium,X-RAY DIFFRACTION,SO4|ET,"",3624|1117,P0A0N5|P0A0N3|3BTI_A|3BT9_A|3PM1_A,"",21264225,10.1371/journal.pone.0015974,PMC3022030,10670890,"Peters KM, Brooks BE, Schumacher MA, Skurray RA, Brennan RG, Brown MH. A Single Acidic Residue Can Guide Binding Site Selection but Does Not Govern QacR Cationic-Drug Affinity. PLoS ONE. 2011 Jan 17;6(1):e15974. doi: 10.1371/journal.pone.0015974."
2.95,3Q2Y,Crystal Structure of BmrR bound to ethidium,X-RAY DIFFRACTION,GOL|ET,"",3624|753,P39075|2BOW_A,938676,21690368,10.1073/pnas.1104850108,PMC3131311,21470603,"Bachas S, Eginton C, Gunio D, Wade H. Structural contributions to multidrug recognition in the multidrug resistance (MDR) gene regulator, BmrR. Proc Natl Acad Sci U S A. 2011 Jul 05;108(27):11046–51. PMID: 21690368; PMCID: PMC3131311."
2.96,1QVU,Crystal structure of the multidrug binding transcriptional repressor QacR bound to two drugs: ethidium and proflavine,X-RAY DIFFRACTION,PRL|ET,"",7099|3624,P0A0N4|1QVT_A,"",15257299,10.1038/sj.emboj.7600288,PMC514915,21363626,2004; 23(15):2923-2930
2.97,1JTY,Crystal structure of the multidrug binding transcriptional regulator QacR bound to ethidium,X-RAY DIFFRACTION,SO4|ET,"",3624|1117,P0A0N4|1QVT_A,"",11739955,10.1126/science.1066020,"",13193211,"Schumacher MA, Miller MC, Grkovic S, Brown MH, Skurray RA, Brennan RG. Structural mechanisms of QacR induction and multidrug recognition. Science. 2001 Dec 07;294(5549):2158–63. doi: 10.1126/science.1066020. PMID: 11739955."
2.97,7KGG,Cryo-EM Structures of AdeB from Acinetobacter baumannii: AdeB-ET-I,ELECTRON MICROSCOPY,PTY|ET,"",446872|3624,"","",33622726,10.1128/mbio.03690-20,PMC8545137,25798682,"Morgan CE, Glaza P, Leus IV, Trinh A, Su CC, Cui M, Zgurskaya HI, Yu EW. Cryoelectron Microscopy Structures of AdeB Illuminate Mechanisms of Simultaneous Binding and Exporting of Substrates. mBio. 2021 Feb 23;12(1). PMID: 33622726; PMCID: PMC8545137."
3.08,1T9X,Structural Basis of Multidrug Transport by the AcrB Multidrug Efflux Pump,X-RAY DIFFRACTION,ET,"",3624,P31224,945108|75202887,16166543,10.1128/jb.187.19.6804-6815.2005,PMC1251581,30171409,"Yu EW, Aires JR, McDermott G, Nikaido H: A periplasmic drug-binding site of the AcrB multidrug efflux pump: a crystallographic and site-directed mutagenesis study. J Bacteriol. 2005 Oct;187(19):6804-15. doi: 10.1128/JB.187.19.6804-6815.2005."
3.34,7KGI,Cryo-EM Structures of AdeB from Acinetobacter baumannii: AdeB-ET-III,ELECTRON MICROSCOPY,PTY|ET,"",446872|3624,"","",33622726,10.1128/mbio.03690-20,PMC8545137,25798682,"Morgan CE, Glaza P, Leus IV, Trinh A, Su CC, Cui M, Zgurskaya HI, Yu EW. Cryoelectron Microscopy Structures of AdeB Illuminate Mechanisms of Simultaneous Binding and Exporting of Substrates. mBio. 2021 Feb 23;12(1). PMID: 33622726; PMCID: PMC8545137."
3.49,4HUM,MATE transporter NorM-NG in complex with ethidium and monobody,X-RAY DIFFRACTION,ET,"",3624,"","",23341609,10.1073/pnas.1219901110,PMC3568332,21495743,"Lu M, Symersky J, Radchenko M, Koide A, Guo Y, Nie R, Koide S. Structures of a Na <sup>+</sup> -coupled, substrate-bound MATE multidrug transporter. Proc. Natl. Acad. Sci. U.S.A. 2013 Jan 22;110(6):2099–104. doi: 10.1073/pnas.1219901110."
3.79,7KGH,Cryo-EM Structures of AdeB from Acinetobacter baumannii: AdeB-ET-II,ELECTRON MICROSCOPY,PTY|ET,"",446872|3624,"","",33622726,10.1128/mbio.03690-20,PMC8545137,25798682,"Morgan CE, Glaza P, Leus IV, Trinh A, Su CC, Cui M, Zgurskaya HI, Yu EW. Cryoelectron Microscopy Structures of AdeB Illuminate Mechanisms of Simultaneous Binding and Exporting of Substrates. mBio. 2021 Feb 23;12(1). PMID: 33622726; PMCID: PMC8545137."
3.8,1OY9,Structural Basis of Multiple Drug Binding Capacity of the AcrB Multidrug Efflux Pump,X-RAY DIFFRACTION,ET,"",3624,P31224,945108|75202887,12738864,10.1126/science.1083137,"",7817183,"Yu EW, McDermott G, Zgurskaya HI, Nikaido H, Koshland DE. Structural Basis of Multiple Drug-Binding Capacity of the AcrB Multidrug Efflux Pump. Science. 2003 May 09;300(5621):976–80. doi: 10.1126/science.1083137."
